left_peptide	left_partner_clip	spacer	right_partner_clip	right_peptide	junction_score	binding_percentile	selected
AFAP1.ENST00000420658.5.missense.798R/L_pos8_len8	0	None	0	FAM129C.ENST00000335393.8.FS.291CG/C_pos15_len10	1778.455	2.635	True
AFAP1.ENST00000420658.5.missense.798R/L_pos8_len8	0	None	0	USP15.ENST00000280377.9.FS.345-346G/GT_pos11_len9	2526.439	16.5	False
AFAP1.ENST00000420658.5.missense.798R/L_pos8_len8	0	None	0	FAM129C.ENST00000335393.8.FS.291CG/C_pos7_len9	1314.521	4.35	False
ENOX1.ENST00000261488.10.FS.55C/CA_pos17_len9	0	None	0	AFAP1.ENST00000420658.5.missense.798R/L_pos8_len8	7175.73	20.115	True
ENOX1.ENST00000261488.10.FS.55C/CA_pos17_len9	0	None	0	USP15.ENST00000280377.9.FS.345-346G/GT_pos11_len9	1011.044	7.4	False
ENOX1.ENST00000261488.10.FS.55C/CA_pos17_len9	0	HHHH	0	FAM129C.ENST00000335393.8.FS.291CG/C_pos7_len9	2513.775	10.15	False
FAM129C.ENST00000335393.8.FS.291CG/C_pos15_len10	0	None	0	AFAP1.ENST00000420658.5.missense.798R/L_pos8_len8	3639.373	10.85	False
FAM129C.ENST00000335393.8.FS.291CG/C_pos15_len10	0	HHHH	0	FAM129C.ENST00000335393.8.FS.291CG/C_pos7_len9	2513.775	10.15	True
FAM129C.ENST00000335393.8.FS.291CG/C_pos15_len10	0	HHHH	0	USP15.ENST00000280377.9.FS.345-346G/GT_pos11_len9	3089.013	8.35	False
FAM129C.ENST00000335393.8.FS.291CG/C_pos7_len9	0	None	0	AFAP1.ENST00000420658.5.missense.798R/L_pos8_len8	5994.15	10.35	False
FAM129C.ENST00000335393.8.FS.291CG/C_pos7_len9	0	None	0	USP15.ENST00000280377.9.FS.345-346G/GT_pos11_len9	3875.32	4.51	True
USP15.ENST00000280377.9.FS.345-346G/GT_pos11_len9	0	None	0	AFAP1.ENST00000420658.5.missense.798R/L_pos8_len8	2670.47	13.5	False
USP15.ENST00000280377.9.FS.345-346G/GT_pos11_len9	0	HHHH	0	FAM129C.ENST00000335393.8.FS.291CG/C_pos7_len9	2513.775	8.0	False
